blog_id,profile_nickname,profile_intro,blogger_member_id,profile_url
kimsena46,,,,
lgm309,,,,
horangpm,,,,
naaaaaa2,,,,
shinsang_beauty,,,,
kyj072,,,,
ranhee0105,,,,
imleelily,,,,
pmi_wooyeon,,,,
honjing,,,,
mchanna,,,,
mk2382,,,,
rmado0525,,,,
wookpm,,,,
cheina2,,,,
anniversary8867,,,,
mct_cnc_,,,,
pigletbkbk,,,,
zoom0719,,,,
mam0322,,,,
acacia0301,,,,
dduddo_89,,,,
riminghome,,,,
pandatogether,,,,
pmi_chy,,,,
njob_,,,,
iiris_aligned,,,,
nuegge,,,,
jinju5295,,,,
jumping829,,,,
rlatpsk46,,,,
qw21er43,,,,
gocooldk,,,,
bongpm83,,,,
mj6560,,,,
moduslife,,,,
mino0401,,,,
sda9191,,,,
hhj890410,,,,
jjujjuya28,,,,
samyoon_mom,,,,
ttlboy,,,,
superminfamily,,,,
qhfkdkssbd,,,,
adorable0182,,,,
jungvelylife,,,,
soyong486,,,,
rmaturiaxkl84274,,,,
ecaspba03583,,,,
turnwco,,,,
7579shop,,,,
m_mood_m,,,,
make_the_shine,,,,
pikat26,,,,
hkh443,,,,
kj9322,,,,
namsuk0715,,,,
pmdortor,,,,
pmi_365,,,,
oknse,,,,
ruth7181,,,,
nageumyageum,,,,
dshopcoach,,,,
gamguma1218,,,,
pm_yeon_,,,,
kcw2111,,,,
jeonnam01,,,,
minsun0921,,,,
hjeong_p,,,,
jnline_,,,,
ilmare1210,,,,
free2again,,,,
pm_sooh,,,,
yh0131,,,,
powerfulpm,,,,
wwfwwwwwf,,,,
froebelsin,,,,
ssong-joy,,,,
ehrdlfvldpa,,,,
go88p,,,,
fldpffm0614,,,,
emo0503,,,,
osy8688,,,,
tjdgml8175,,,,
acckoreateam,,,,
ujmiso,,,,
kyunghwa92,,,,
myongjin4,,,,
lzheng,,,,
ijoko,,,,
vv6_6vv,,,,
misun0226,,,,
dhalduddlek12,,,,
jjooyong_,,,,
jsir8,,,,
theboara_jisoo,,,,
clandestine_story,,,,
yjsarm,,,,
hy_crimson,,,,
raonmam0616,,,,
xhwxhti6261,,,,
yujin-h,,,,
amitahba,,,,
s_hmm,,,,
eunjeong-choi,,,,
hsyeon91,,,,
lyungaepm,,,,
park_inje,,,,
sosohan390,,,,
hellopm_2025,,,,
pmi_yh,,,,
didcnsrbjin,,,,
zentleoffice,,,,
stock789,,,,
pm8151984,,,,
