post_id,url,frame_ocr_text,confidence,status
224066370070,https://mblogvideo-phinf.pstatic.net/MjAyNTExMDJfOTIg/MDAxNzYyMDQ5NjM1Mzg4.Q5nMmJGXtfmSjHf3Ig7LmhNbEl-hjs5KD9ngBJQ4EPQg.RuVYntcaVaDmohk-VK5-bTki67cckH3QYV99p6zq5FQg.GIF/3529394493.gif?type=mp4w800,,0.0,success
224066370070,https://mblogvideo-phinf.pstatic.net/MjAyNTExMDJfMTQ3/MDAxNzYyMDQ5NjU2ODYx.aX7cxEScnydGC3_6Nfn2U2SOx6CU9JlDDV_55Oo2iyog.k0S9raYu43xVyLyP9j7M21VI3UDD-4oqNS3snaxcYmYg.GIF/2146591394.gif?type=mp4w800,,0.0,success
224066370070,https://mblogvideo-phinf.pstatic.net/MjAyNTExMDJfMjky/MDAxNzYyMDQ5NjA1MTQz.Bk5BOATi4yqsdGriuTriL0iQ560g12nyiqq5eHGGfEkg.mDw0hkTdpdNG9EjSssQ1ISFZ_4eIQKhMVzc5lX2Gup8g.GIF/1273926035.gif?type=mp4w800,(Gpm_Inr 만들어 가능 셋프출신 미술램스타레스토랑 ` 검수관 미국득허청  쓰해피림림장 우리립 문화물,0.3790564736936192,success
224060986088,https://mblogvideo-phinf.pstatic.net/MjAyNTExMDFfODMg/MDAxNzYxOTY0ODc2Njg2.l0_SyboZxHNcsOtazrTGQYpqFryWFTrvX2roQ79j46og.nFdQd7QKxFE4cy5IG_8gHqjKoJ_3qcli9dkgtKWlqAwg.GIF/PM_%EC%95%A1%EC%85%98%ED%8C%A9_(1).gif?type=mp4w800,동치O눈물' 독일피임 액선팩 1인 2세트 구매시 4b0x가더! (조기마감예상) 액선팩 2세트 주문시 4box 무료 증정 X1O X2 PowerCocktail PowerCocktail 피드리인 디워라데업 리트리인다뒤각터입 X1O X2 Restorate Restorate 내  UbpTI 6과 하 - ' Fl' r내 arawoo  Aicmm,0.5087879071042141,success
224060986088,https://mblogvideo-phinf.pstatic.net/MjAyNTExMDFfNzEg/MDAxNzYxOTU4MDc5NzYw.VurWFvxTOYol9z-uiQTtHuBLW7gICk62jFNfEV9Kq1Ag.4ePn6YSNwJB_OcmKK8Xqed1SFcOB8E7ukPvbPAjf-lAg.GIF/PM_%EC%95%A1%EC%85%98%ED%8C%A9.gif?type=mp4w800,"낭만a 독인끼- 1년 중 가장 저럼하게 독일-잎 액선팩 X5 PowerCocktail X5 피트라인가워라다일 Restorate 트라인리스토러미트 4526 991875원 545,600원 파워각테일+리스토레이트 1개월분 가격 미늄 소비자가 198,375원 오토십 137,100원 액선 BA스폐설 119,040원",0.6281774419367457,success
224049367183,https://mblogvideo-phinf.pstatic.net/MjAyNTEwMjJfMjY3/MDAxNzYxMDY4MzgzNDM3.x_IOILBsDzFnBexnU8N87eDtdovc9oSG6buSwoJPePgg.EFx6_7TfevISf02OUkpM3n0b-uTbtJt6q5FxAnIsf_Ig.GIF/%EC%A0%9C%EB%AA%A9_%EC%97%86%EC%9D%8C.gif?type=mp4w800,sape D-Drink,0.7010586870781914,success
224049367183,https://mblogvideo-phinf.pstatic.net/MjAyNTEwMjJfNTkg/MDAxNzYxMDY4Mzg0Nzkx.5hYHRH01SpGcuSNbyq0mu0MC7azvnB9lICr7YnpuaSIg.H1YWZuxj-zbFiRSJ-PDVpm08s5Im99PrgZVp4iAIns0g.GIF/%EC%A0%9C%EB%AA%A9_%EC%97%86%EC%9D%8C.gif?type=mp4w800,,0.0,success
224049367183,https://mblogvideo-phinf.pstatic.net/MjAyNTEwMjJfMjg2/MDAxNzYxMDY3MzE5Nzcz.hGqY104FigucmC1_DVCLzDkKxQW7pnwUpJ0PZHsZqMQg.20SIe9vJNN2SoYNNv_hc3U_Tj-QO3--JeEGfm7BYq30g.GIF/%EC%A0%9C%EB%AA%A9_%EC%97%86%EC%9D%8C.gif?type=mp4w800,,0.0,success
224049367183,https://mblogvideo-phinf.pstatic.net/MjAyNTEwMjJfMjI4/MDAxNzYxMDY4Mzg0ODU5.wmWBwZGlRfzzVJR7FdgGjLnem2JxOWOfrvPZ7IcqZd4g.kWiLwQ3Qhvomt2uImTATq-OlQWMLoCV7YWhCY0bt-hog.GIF/%EC%A0%9C%EB%AA%A9_%EC%97%86%EC%9D%8C.gif?type=mp4w800,K@RE 2095 WIO 9095 IN~O NTIDAL,0.15661349726668367,success
224049367183,https://mblogvideo-phinf.pstatic.net/MjAyNTEwMjJfMjQ0/MDAxNzYxMDY4Mzg1MjU0.9gu5USjHbaa6j6J8vvqwDyK9X3EI0xfMAXd5UfCzpKIg.KhO5LcZDQIorpTnrlrTzTIkFXOKu4IuOGtUxkHcL_7Qg.GIF/%EC%A0%9C%EB%AA%A9_%EC%97%86%EC%9D%8C.gif?type=mp4w800,,0.0,success
224049367183,https://mblogvideo-phinf.pstatic.net/MjAyNTEwMjJfMTUy/MDAxNzYxMDcxNTE2OTEw.csDmh6-EMNQd_MYz1hcQFw2b3RUwnJGDDbcIj0kwst0g.lcc6CHyI9vp5tZZ9Dl0m-mmaO-O3W0Vcayawfo8vJDgg.GIF/%EC%A0%9C%EB%AA%A9_%EC%97%86%EC%9D%8C.gif?type=mp4w800,"i9,144 1 KIDA MOY (MII ITOT 5내서널콩그레스 지금이 피임올 시작하기 가장 종은 타이망인 이원 세대 뜨개 90 e0S 31101",0.2779813732164286,success
224049367183,https://mblogvideo-phinf.pstatic.net/MjAyNTEwMjJfMTE3/MDAxNzYxMDY3MzE5NTAx.aag4xZiQMeWusDKj6OkNplb8ImMDALjY3SHortjfXvIg.T6W9jH-B1uJ8Jx8bxAiKNaVH07_A6SuP912AOUjGX-Ig.GIF/%EC%A0%9C%EB%AA%A9_%EC%97%86%EC%9D%8C.gif?type=mp4w800,,0.0,success
224049367183,https://mblogvideo-phinf.pstatic.net/MjAyNTEwMjJfMyAg/MDAxNzYxMDY3MzIwMDUx.UvH8HpnRRqub_3geN0aHUJ13lwbQ_PJsadISVPFrCp4g.cqj9GluDnGL0RKFln7Ghy1yqA5LopVDGe52Zn3J7450g.GIF/%EC%A0%9C%EB%AA%A9_%EC%97%86%EC%9D%8C.gif?type=mp4w800, 표물,0.013300726622139422,success
224040797563,https://mblogvideo-phinf.pstatic.net/MjAyNTEwMTRfOTIg/MDAxNzYwNDE3ODI0Njcx.R4TaEuOqI194QPDTUZWAj0UbG5eYWrZdvvF_QFPRNj8g.rLUkeah4jj9ly2JOJy-tQx3rTkH90bcH6NuviwJ-mcEg.GIF/se%EF%BC%BFone%EF%BC%BFani%EF%BC%BF20251014%EF%BC%BF135444%EF%BC%BFa.gif?type=mp4w800,MANAGEMENT TRANiNG natlonetkorea 5FU,0.4829887324627496,success
223858479284,https://mblogvideo-phinf.pstatic.net/MjAyNTA1MDhfMTEw/MDAxNzQ2NjM1NjczNDI1.PfVNrr-FDzdMzhh4R6IMjGso4zOG0-iehYcayf2gtJ0g.ViMqr5_AuDfNazFGod8PtV7XXbiSgtHLfRYO5K2WHV8g.GIF/1456775918.gif?type=mp4w800,super slinm Day,0.7088928539987993,success
223850114298,https://mblogvideo-phinf.pstatic.net/MjAyNTA0MjlfNzAg/MDAxNzQ1ODkxMDgxMDUy.EdxM7c2ABoUyEphiPtm0pfGnsSbwoCJYb-_IkdOm48Ag.E4kLraYDl6m01xl6X86qHam8ENWNX_bOds6kZ1fv9iAg.GIF/IMG_0960.GIF?type=mp4w800,,0.0,frame_extraction_failed
223850114298,https://mblogvideo-phinf.pstatic.net/MjAyNTA0MjlfMjc0/MDAxNzQ1ODkxMDgxMDgx.rB6u5xZIRYUDU89clQO8hB-SUE795B_LSVa2hvGM2tcg.ybayMC7eENEA7kwkNFj-7nCOKcEOFnjd32NomMtlY_sg.GIF/IMG_0964.GIF?type=mp4w800,,0.0,frame_extraction_failed
223825982664,https://mblogvideo-phinf.pstatic.net/MjAyNTA0MDhfMTMz/MDAxNzQ0MDc3NzY2NjEy.4bv1_bZzOrvJJt9AyirbE5ErvSHRSpTdkiAHRrvghJUg.EIZDS-STbRR23OrYsFWe9xHEqBIg7aa1MBPeGqiVep4g.GIF/IMG_0964.GIF?type=mp4w800,,0.0,frame_extraction_failed
223825982664,https://mblogvideo-phinf.pstatic.net/MjAyNTA0MDhfMTYg/MDAxNzQ0MDc3NzY2MzU2.vP3WebHwvEuvzQaTPM4DaGwE22QcyggapUK3WKzGWBIg.SM3NnSJL7SohNNDcvpQLzfHUNDhoxAX3xZsFXxrmijEg.GIF/IMG_0962.GIF?type=mp4w800,,0.0,frame_extraction_failed
223825982664,https://mblogvideo-phinf.pstatic.net/MjAyNTA0MDhfMTA1/MDAxNzQ0MDc3NzY1OTUx.0P82qzVHxlLhxM4jE_13yGasWBZ37xTMn0UvDqTqInMg.c5x1T_gd5IETTG07AsYkG7ukaI9nxxGONBtEvtR09j8g.GIF/IMG_0960.GIF?type=mp4w800,,0.0,frame_extraction_failed
223825884941,https://mblogvideo-phinf.pstatic.net/MjAyNTA0MDhfNDcg/MDAxNzQ0MDcwNDM3NjYw.xhvZYC3IxE5ma-4SD6e1dqgn303QZjwPobkzHWGjlzMg.0sgISqyDVv93vWTqyU3SdR9LLB7-OSrLm-j0WnwOvs4g.GIF/IMG_0964.GIF?type=mp4w800,,0.0,frame_extraction_failed
223825884941,https://mblogvideo-phinf.pstatic.net/MjAyNTA0MDhfMjk4/MDAxNzQ0MDcwNDM4MDE1.pw9Rxu-0ysDbXOc8bg2XJtIv6W0FAB5-bjdrswIvX_Ug.FAbkadYW0ujTiJUxjqcgCnwaLYixxNSeWJCSRe7D4KAg.GIF/IMG_0960.GIF?type=mp4w800,,0.0,frame_extraction_failed
223825884941,https://mblogvideo-phinf.pstatic.net/MjAyNTA0MDhfNjUg/MDAxNzQ0MDcwNDM3Njc2.lFxh10aMR7qUbSRfTELIyrg-TlMJWWuqF7Gxvtxu97Ig.H7puUyjfmA5HA4Owf5qcL20UTUyWKmKTKewMCRH8WeEg.GIF/IMG_0962.GIF?type=mp4w800,,0.0,frame_extraction_failed
223607278625,https://mblogvideo-phinf.pstatic.net/MjAyNDEwMDRfMTk0/MDAxNzI4MDUwMDg3NDIw.CXxPUs_WDuij-IDH_0b3RPEVGEUaEOIJSrbg5g3HvBYg.iM6gbNhRfnUMqHKrXCg1r_59lD6UFScERNLJ0epCf7Qg.GIF/3921015580.gif?type=mp4w800,TEANEST NoUN C osvor Roit,0.5668096060654609,success
223607278625,https://mblogvideo-phinf.pstatic.net/MjAyNDEwMDRfNjcg/MDAxNzI4MDUwODY5MjE0.ASIprsFeZEuxWMq12Yb4Z7qdmvzccitDWUmbKkVxVSwg.Ig9DEIg6Z6Dtb6G06H1XRDYp6ZEy6_OQ-OTBUOtzEkkg.GIF/3103280045.gif?type=mp4w800,식음판매시설 Covoioae 제전시장 LL Ft me 'RE PM,0.6113745765826893,success
223607278625,https://mblogvideo-phinf.pstatic.net/MjAyNDEwMDRfMTg1/MDAxNzI4MDUwNjk4MjE2.8nFv2-S-KmX8MLeQzNUUdYHO5FKXmiDnSSyIfP1Fm-gg.d_RK809-j130FLOXxAwwqy2A7NNseBtp0z0hW7AE8sgg.GIF/1214051877.gif?type=mp4w800,,0.0,success
223396152843,https://mblogvideo-phinf.pstatic.net/MjAyNDAzMjZfNyAg/MDAxNzExNDI4MzIzMzMz.mBcRY30s3iZrHZo4ZB5XYmHcp89w8cPHJub5DVUkL9Mg.F0Tw-CVGGLhUlANPcF-h3ImsqIpyAfrREINlaCTzwG0g.GIF/883408992.gif?type=mp4w800,,0.0,success
223396152843,https://mblogvideo-phinf.pstatic.net/MjAyNDAzMjZfODQg/MDAxNzExNDI4MzQyODA4.C2_IJ2U7W8Ej2drg5lfOal6ukFxQZ--WtOcCZFmxAykg.he_4Y4XddE7IrXzB18DqWHVRMbP3PqtbpzcxrLCcsdYg.GIF/3845276478.gif?type=mp4w800,,0.0,success
223793666453,https://mblogvideo-phinf.pstatic.net/MjAyNTAzMTJfMjAy/MDAxNzQxNzcxMjE3OTE0.lGe546X7DdrqoJDhCaJFmOilsx_4FzZfkHzp49mW3mQg.nmHBEFOTsGxBsCb4k5AEMdmsBquxjn_gDWQZ61yt-7wg.GIF/1741770270170.gif?type=mp4w800,,0.0,frame_extraction_failed
223671874616,https://mblogvideo-phinf.pstatic.net/MjAyNDExMjVfMjg3/MDAxNzMyNDcwODk4MDY0.U3ewgvcd_ZfdBcpusTmprZ84ydBDOq26bVqNiPxUtfIg.Xgzl2gWduYlYoX5JBNPPRXgaM0Vmx9n7IV23XfGqNTEg.GIF/2024%EF%BC%BF11%EF%BC%BF25_02%EF%BC%BF18%EF%BC%BF1.gif?type=mp4w800,2025년 야버스 그룹 트,0.8134777504654901,success
223889312626,https://mblogvideo-phinf.pstatic.net/MjAyNTA2MDVfMjkg/MDAxNzQ5MDg5MjIxOTAw.8Ds3YBZzx8zWlfXHnUsGbWMB-yMOxGZOwH1cOReFETkg.07qcX5u-s8MRBY39WF-QFxAwsCqUGQVMgCF-XY34LOIg.GIF/%EA%B5%AD%EC%A0%9C%ED%96%89%EC%82%AC_%EC%B4%AC%EC%98%81_%EC%BB%A8%ED%8D%BC%EB%9F%B0%EC%8A%A4_%EB%8F%84%EC%9C%A0%EB%8B%88%EB%B2%84%EC%8A%A4%EC%8A%A4%ED%8A%9C%EB%94%94%EC%98%A4.gif?type=mp4w800,"dlmag 'Ri IC티 또""; ' G오 MnRo #Eaonm? OntL iifioug"" Ldlhielxaunt 'Kinkgo LGOVERMMET 'WOaDlOCNC SUMMIT CUIMATE iSenxu haii NUrsa '경기도 7:",0.24574233993802155,success
223769262787,https://mblogvideo-phinf.pstatic.net/MjAyNTAyMjJfMTM5/MDAxNzQwMTcwMDE3NzI0.dH5Zifni2lSL6I7FJGDY-ala6SV-yxEytamRgTvCjMIg.fTy0TVYj8h5Wl6h3kDUGupKTZ9q6HsFB4AXIGFqXD_gg.GIF/%ED%8C%8C%EB%9E%80%EC%83%89_%EA%B8%B0%EC%97%85_%EB%B9%84%EC%A6%88%EB%8B%88%EC%8A%A4_%EB%A7%88%EC%BC%80%ED%8C%85_%EC%98%A8%EB%9D%BC%EC%9D%B8_%EA%B0%95%EC%9D%98_%EB%AA%A8%EC%A7%91_%EC%9D%B8%EC%8A%A4%ED%83%80%EA%B7%B8%EB%9E%A8_%ED%8F%AC%EC%8A%A4%ED%8A%B8.gif?type=mp4w800,동아일보 기사 2025. 2 21 2년 연속 일하기 좋은 기업? 한국 네트위크 마게팅 주도 직원 행복 독일 PM 복지 최우선,0.8507791107813698,success
223818393277,https://mblogvideo-phinf.pstatic.net/MjAyNTA0MDJfMTY0/MDAxNzQzNTIxNTgwNzQ5.gE5n6r8XXzOtkhjeEkhJ94li3NzmMI355pPhq3hmcvAg.7wNMw-vLm2Y-LLg-bz6eUeVJzXWWk_GU55IroJY4TJEg.GIF/2373368050.gif?type=mp4w800,,0.0,success
223818393277,https://mblogvideo-phinf.pstatic.net/MjAyNTA0MDJfMjIy/MDAxNzQzNTIwNzk3NTg4.vc6WmG-H48Usc8kvsaOxcEz2QuFWQT_DjFJ03jhbx-8g._djsQxKhVaG_PiQCKQKnYX7kPn32iwsE-gTyv57aIZYg.GIF/2212222831.gif?type=mp4w800,1wseek 운동이승) 실내자전거30분 01: 19-01: 49PM 1d69,0.5620179276963715,success
223818393277,https://mblogvideo-phinf.pstatic.net/MjAyNTA0MDJfMTc3/MDAxNzQzNTIzNTQ5OTQw.AiUb_mQFx72ahkWGW9uW17c0poaFEAc-eBDpYLucYqEg.8ljTuLfl9VeMo8tMn6jUuplg6kayRga5hy5cNdPtzw8g.GIF/2036911002.gif?type=mp4w800,'IH0 FiIe 라인 rellschutz '설;츠-사라엿 VEAn,0.3840893891679044,success
223818393277,https://mblogvideo-phinf.pstatic.net/MjAyNTA0MDJfMTQ3/MDAxNzQzNTIwODkzNzIy.Jc-efkdp9D3FyY9QzF81nNe-nIcqxl0rqkjFly_D4psg.4405PsPj4v0McIlvzxaYAC7syyy4ogsmfdAunWeqr8Mg.GIF/1629573963.gif?type=mp4w800,대망 89,0.3360967055778115,success
223818393277,https://mblogvideo-phinf.pstatic.net/MjAyNTA0MDJfMjQy/MDAxNzQzNTIxOTcwNDAw.IL-RBKwpvzDC8VXdag6mD6W1c9EeF1RGjnIPzMjojb4g.-ppgbNNsZ1UgAObvkht_RUBOV2vyXDdK1dFIty_VPUYg.GIF/1721071561.gif?type=mp4w800,NDAY #,0.9895714837249443,success
223818393277,https://mblogvideo-phinf.pstatic.net/MjAyNTA0MDJfMTU5/MDAxNzQzNTIyMTA5ODM2.BV6KlNOeHhQXRGr53CdkvSwkLtvcCrbAD_F3nJbcARog.apEkI9edEXwedRyo8_uXQRG6AzQW8iW9UwACQsPdrswg.GIF/3611371999.gif?type=mp4w800,,0.0,success
223818393277,https://mblogvideo-phinf.pstatic.net/MjAyNTA0MDJfMjk5/MDAxNzQzNTIzNjc3NzQx.adxGohj_MccyUZqzN_pfNF9KN9m2t3e8nro3YmEqIwgg.sDqS7_ECkBuRcIdVmDmnxCydFpUNI1kjE8J-bmPtzV0g.GIF/896075015.gif?type=mp4w800,[maz Crnp Brunch runeel,0.4435895023810447,success
223818393277,https://mblogvideo-phinf.pstatic.net/MjAyNTA0MDJfMjg3/MDAxNzQzNTIzODQ4NjUz.XvTb8UKbtT89kfRGapmKKyK--J8sHIfpBTMgVFE80Q0g.Is6nx5YZgLO-3L_5L-S4Sh7UyLiceXx7TVmRzxvhL7Mg.GIF/2125603275.gif?type=mp4w800,,0.0,success
223818393277,https://mblogvideo-phinf.pstatic.net/MjAyNTA0MDJfMTY4/MDAxNzQzNTI0MTUyNzUy.YUaL6FbIGgbXeXrJyyz79OZYFEoxNj_PsWwdlpluk0cg.cak4O1K-MdWQh628nPxOqq8Kuv0mr-3tmDOQ2H4vUKYg.GIF/1837629523.gif?type=mp4w800,DA749 오운완 실내차전메3@분,0.5381714731754017,success
223818393277,https://mblogvideo-phinf.pstatic.net/MjAyNTA0MDJfMTE0/MDAxNzQzNTIzNTg3NTQ4.qfyYxxB1tQZKXKAYb1dfe6UljB07gHUJ3eSoZ1_jc5Ag.b8TRmpcZKRdaBCbWAgtWd9sh2jK-k_d6U4G3vLwy9Tgg.GIF/3311516778.gif?type=mp4w800,,0.0,success
223452687267,https://mblogvideo-phinf.pstatic.net/MjAyNDA1MjBfMTM5/MDAxNzE2MTk0NDM4OTUx.WTNVtFPx9ubRwjKntMZCnHHD76vjiLpwDswlAGs7-LIg.C7Lpg_63qvwrIjzLuZDFuefbHazOx__yTATd6q5GtKYg.GIF/40.gif?type=mp4w800,제꺼가로개,0.03589971019901425,success
223452687267,https://mblogvideo-phinf.pstatic.net/MjAyNDA1MjBfNTYg/MDAxNzE2MTk0NDI3MDIw._JkqkPkssyBWNbGtp6MAYB6AuRS8v229OyGFqSiQ5LYg.-ejTQsh4CTnyopeE7nlHD9KTsT7gIAbXGH9uLLdZeUcg.GIF/댓글안내_(1).gif?type=mp4w800,,0.0,success
223280947471,https://mblogvideo-phinf.pstatic.net/MjAyMzEyMDJfMjA4/MDAxNzAxNDkzOTYwOTU2.y2KnuVVkCIcXSs4O1MNOVFVksBcJ4iWsMhNHsyAHbx0g.aXR_f8lm-DS59WqJq_uFFWRfwxHNjzc4-kSHVxQxJS8g.GIF.arpawin/1701493961115.gif?type=mp4w800,,0.0,success
223180425980,https://mblogvideo-phinf.pstatic.net/MjAyMzA4MTBfMiAg/MDAxNjkxNjY0MjU5MTYz.hl9UgALs4cyGBRaANEoprWer4jY7_WAuenXevAgP_B0g.-EkM0PvQS0urFJ7IhGV1kZeO7lABV6vA2vp9L5yyJnMg.GIF.jinju5295/se%EF%BC%BFone%EF%BC%BFani%EF%BC%BF20230810%EF%BC%BF193254%EF%BC%BFa.gif?type=mp4w800,,0.0,success
223052970211,https://mblogvideo-phinf.pstatic.net/MjAyMzAzMjNfMjk4/MDAxNjc5NTAzNzA3NjAw.Emi1hRYaZc6kNQppAUmfqfhCWBg_xx3NrhAu7p_jeQYg.ETQvnr_fVXRPbm-fZqk7gDHSBJvsFnUk-xY8TzEW_c8g.GIF.ilovesom22/%EB%8F%85%EC%9D%BC_%ED%94%BC%EC%97%A0_%ED%94%BC%ED%8A%B8%EB%9D%BC%EC%9D%B8_%ED%8C%8C%EC%9B%8C%EC%B9%B5%ED%85%8C%EC%9D%BC_%EB%A6%AC%EC%8A%A4%ED%86%A0%EB%A0%88%EC%9D%B4%ED%8A%B8_%EC%95%A1%ED%8B%B0%EB%B0%94%EC%9D%B4%EC%A6%88_3%EC%A2%85_%EC%84%B8%ED%8A%B8.gif?type=mp4w800,NAVER,0.999962308321553,success
222976864911,https://mblogvideo-phinf.pstatic.net/MjAyMzAxMDZfMjYg/MDAxNjcyOTg5MTMyODcw.IJiHVaI_9yFy8czv2-MfBICQY8kSZ6SPHFRRdt13UUcg.lFi15xZDu8YyWGpDLCw_viQtp_RZglN8_YfxD7KAfOkg.GIF.ilovesom22/%EC%9D%B8%EC%85%80%EB%8D%A4_%EC%9B%90%EB%B9%88_%EA%B8%B0%EC%B4%88_%ED%99%94%EC%9E%A5%ED%92%88_%EB%9E%98%EB%94%94%EC%96%B8%EC%86%9C100.gif?type=mp4w800,,0.0,success
222967253852,https://mblogvideo-phinf.pstatic.net/MjAyMjEyMjdfMjE3/MDAxNjcyMTIxMDU3NTgz.iiCtLVyRuP6x51ipoYp7582MDyadzCkYsdj64XmWDC0g.4SjFjpZN5btTWchOKe2ViCgxNl7Rdx3E4gwD7gZtX1Ig.GIF.pjinna7/IMG_8085.GIF?type=mp4w800,통,0.9725038653915732,success
222967253852,https://mblogvideo-phinf.pstatic.net/MjAyMjEyMjdfMTUg/MDAxNjcyMTIxMDUwNzI1.cMA8CDPpluoVa6dLbk92wd9J9L5Fr2xD62oN7fI74tIg.Cp_b3wZgE1hJ9pCtHZ5xruBBstFHZohEkXacmczm1lcg.GIF.pjinna7/IMG_8084.GIF?type=mp4w800,,0.0,success
222912544133,https://mblogvideo-phinf.pstatic.net/MjAyMjEwMjdfMTI4/MDAxNjY2ODc0MDg4MjU2.6QJW841ixnBRWT6Cspddjq0oL4POpKAnlTaq6hlEfiMg.PEr9PcyCAoWMPg275cTBpbWLV7xhOJeauUA0Q1cjgPAg.GIF.gm663927/%EC%BA%A1%EC%B2%984.GIF?type=mp4w800,,0.0,frame_extraction_failed
222912544133,https://mblogvideo-phinf.pstatic.net/MjAyMjEwMjdfMzkg/MDAxNjY2ODc0MDk5ODQ5._yZZ8UxLyV9acM03qx_P8QiSJwTcTNz4pXU5QQfzzNEg.W3DcMKTVKx0LFdErYu1L4pIkmpUNSTdeWtbQnjruQ_Ag.GIF.gm663927/%EC%BA%A1%EC%B2%98.GIF?type=mp4w800,,0.0,frame_extraction_failed
222912544133,https://mblogvideo-phinf.pstatic.net/MjAyMjEwMjdfMTIx/MDAxNjY2ODc0MDcyODkw.GMK9KSC1bmJacTKnnt1lhoeMGpZDT91tQuJsRKx-MJYg.0Ow8BOLCyEPYxCZv1LGYyjTaPzKu8JUe-qZy8GNy2pgg.GIF.gm663927/%EC%BA%A1%EC%B2%982.GIF?type=mp4w800,,0.0,frame_extraction_failed
222912544133,https://mblogvideo-phinf.pstatic.net/MjAyMjEwMjdfMjM3/MDAxNjY2ODc0MDQyMzY3.RAKjv5XW8NNR0BRXyL0kCU0nPj8jSs09Z-V4_SQ2nN0g.gjJ9NzVlRXX_XiguRgmO-sXaVGexPnOvor1OXDKQYzQg.GIF.gm663927/%EC%BA%A1%EC%B2%983.GIF?type=mp4w800,,0.0,frame_extraction_failed
223863963232,https://mblogvideo-phinf.pstatic.net/MjAyNTA1MTNfMjgx/MDAxNzQ3MTAxMjY4ODc4.f_v8-AC25BTd2TUoFvM_-gI_gf63rPgYZnIb9ZuDQpAg.Dg_VkYeNgbktS2bVAiNq0B5cFNXC7Eze82E_yDve_Qog.GIF/KakaoTalk_20250513_105115026.gif?type=mp4w800,꿀,0.10024525661070616,success
223863963232,https://mblogvideo-phinf.pstatic.net/MjAyNTA1MTNfMjky/MDAxNzQ3MTAxMjU5MDkw.eZaStmuSXJYSm2lv8A5rwh1FZHBnmEf3GbpoZVUoyU8g.xqItU3t1y51LlDAnAGtUVWshE2P2nuQv6FCDPJnVSJwg.GIF/KakaoTalk_20250513_105113320.gif?type=mp4w800,,0.0,success
223443540064,https://mblogvideo-phinf.pstatic.net/MjAyNDA1MTFfMTMg/MDAxNzE1NDE4NDAxMzU1._38Vf2c83VTnGhJByRtRcOkfATUb-BZFwj8kAAqUPTcg.p0xjH1asqPTUcPNEGI3ogMAE78qhoxSCmaXFmTgifycg.GIF/%EC%A0%9C%EB%AA%A9_%EC%97%86%EC%9D%8C.gif?type=mp4w800,최대활인 액선팩 피위라테일과리스토레이트트가장저럼하게 구입하눈방법,0.39600595858909965,success
223493982946,https://mblogvideo-phinf.pstatic.net/MjAyNDA2MjhfMjE2/MDAxNzE5NTMzNDE3NzYw._5gt0JPLCW0jHmv2OPfEWK5b8at0gcqh4m6b2T3SJg4g.HZAvjhaANHeGB71sxa3pP062GMKADpvne8rmJtG_bisg.GIF/9.gif?type=mp4w800,장품미데다 T,0.027584312305242942,success
223493982946,https://mblogvideo-phinf.pstatic.net/MjAyNDA2MjhfMjk4/MDAxNzE5NTMzNDE0ODA3.38xAqjxHtAZKg56q9j6uxzFDebqxtKPtEvBxQkUM5Jwg.Y-ZinejpEG4rNIfZxVWRE2LPkFBbYre-MLjcjZjLclYg.GIF/댓글안내_(20).gif?type=mp4w800,구매목록은,0.6445665006223138,success
223441955145,https://mblogvideo-phinf.pstatic.net/MjAyNDA1MTBfNzgg/MDAxNzE1Mjc0NDYzMTA1.4XUmXbw5FYkqZxYzUEjl-t2PJXH4Yu41fsKHeANu7jwg.CQEFwwzxAlrlJZcjhJUCQuc6tt85tBFMxUR6H0_67PAg.GIF/35.gif?type=mp4w800,상물보리가기,0.04343989575520945,success
223441955145,https://mblogvideo-phinf.pstatic.net/MjAyNDA1MTBfMzAg/MDAxNzE1Mjc0NDYwNjkz.bjx7YQ2bs_RbtiL4ZbGdopccpkI_Le-e4eN5kJUlLWkg.a1hH4QXeZAx0-elL6FG5VW8wdTmm4S_ChlQXDacaV4Yg.GIF/댓글안내_(26).gif?type=mp4w800,오늘의 상 .,0.5347081802319328,success
